keksks3	keksks3@gmx.de	keksks32019	eusswht8K		unwrittencandied3@gmx.de	eusswht8K	unwrittencandied3@teml.net				
laradold	laradold@gmx.de	paulakienzler	eukvqdn0J		pungentcrawlers3@gmx.de	eukvqdn0J	pungentcrawlers3@teml.net				
arronnl	arronnl@gmx.de	arronnl2018	tqxazwv1J		wooingcongested9@gmx.de	tqxazwv1J	wooingcongested9@teml.net				
sagomir5	sagomir5@gmx.de	art_wettis	wpxvoxz4F		stoningbacteria7@gmx.de	wpxvoxz4F	stoningbacteria7@teml.net				
fdwawo	fdwawo@gmx.de	dsssssgg	shqaubi4P		vanillacatfish7@gmx.de	shqaubi4P	vanillacatfish7@teml.net				
ahmetsogan	ahmetsogan@gmx.de	ahmetsogan2019	tinrzsx9N		seventhcake3@gmx.de	tinrzsx9N	seventhcake3@teml.net				